{
  "display": {
    "title": {
        "text": "奥术之神",
        "color": "dark_purple",
        "bold": true,
        "italic": true,
        "underlined": false,
        "strikethrough": false,
        "obfuscated": false
    },
    "description": {
        "text": "整合包毕业",
        "color": "dark_green",
        "obfuscated": false,
        "strikethrough": false,
        "underlined": false,
        "bold": true,
        "italic": true
    },
    "icon": {
        "item": "avaritia:zizz"
    },
    "frame": "goal",
    "show_toast": false,
    "announce_to_chat": true,
    "hidden": false,
    "background": "minecraft:textures/gui/advancements/backgrounds/stone.png"
},
"criteria": {
    "requirement": {
      "trigger": "minecraft:enter_block",
      "conditions": {
        "block": "cae:end_portal"
      }
    }
  }
}
