{
    "name": "介绍",
    "icon": "theoneprobe:probe",
    "category": "patchouli:theoneprobe",
    "sortnum": 0,
    "pages": [
        {
            "type": "text",
            "text": "这里实属无需多言，真相已经十分明显。探测器的游戏内覆盖可以帮助你$(l)知道你的准心指向了什么方块或是实体$(reset)，这对识别你不熟悉的物体十分的有帮助。"
        },
        {
            "type": "text",
            "text": "$(l)潜行（按住 Shift 键）$(reset)可以显示方块的额外信息（比如一个实体方块的物品栏）。游戏内覆盖还会为你显示$(l)挖掘等级信息$(reset)，也就是你该用什么类型的工具来破坏这个方块，以及你手中的工具能否破坏它。"
        }
    ]
}
