{
    "name": "区块加载",
    "icon": "minecraft:clock",
    "category": "patchouli:ftbchunks",
    "sortnum": 3,
    "pages": [
        {
            "type": "text",
            "text": "如果你是模组小白，那你可能对区块加载的概念非常陌生。当你远离你的基地时（或者从一个仍然在运行的服务器退出），附近没有玩家的区块会自动停止加载。如果你想要它们始终加载，让你基地里的机器在你离开的时候继续运转，你就需要使用区块加载大法。"
        },
        {
            "type": "text",
            "text": "$(l)值得注意的是这真的会使区块一直加载$(reset)，所以如果你在服务器里你就要注意区块加载对负载带来的影响。你可以在$(l:ftbchunks/ftbchunks_claiming)这一节$(reset)学习如何加载区块。"
        }
    ]
}